costCenter_Code,CAPITAL EXPENDITURE,OTHER RECURRENT COSTS,PERSONNEL COST,budgetTotal
0111,18156273673,11683081281,21373761673,"51,213,116,627.0"
0116,159125439612,57255513129,373574157358,"589,955,110,099.0"
0119,7157504047,23477621870,42629454814,"73,264,580,731.0"
0123,0,4260491434,40341067927,"44,601,559,361.0"
0124,53478355246,35888537934,526334171416,"615,701,064,596.0"
0125,3127326734,1410394360,3932771680,"8,470,492,774.0"
0140,188451747,984230795,1977081170,"3,149,763,712.0"
0145,0,0,4398550000,"4,398,550,000.0"
0147,173062977,472853041,600200139,"1,246,116,157.0"
0149,386373456,372635538,2352692308,"3,111,701,302.0"
0156,5030836568,266974561,12316928145,"17,614,739,274.0"
0157,33872448872,15448992916,71391269431,"120,712,711,219.0"
0158,380007563,232310234,469240479,"1,081,558,276.0"
0159,320586147,176088460,898616533,"1,395,291,140.0"
0160,967950858,211369318,571953855,"1,751,274,031.0"
0161,37629306826,12511480846,50888801882,"101,029,589,554.0"
0215,0,1952277941,54200754691,"56,153,032,632.0"
0220,0,2257415308335,7441185081,2.264856e+12
0222,63554221479,2303128510,0,"65,857,349,989.0"
0227,10180952831,1556869941,8648586627,"20,386,409,399.0"
0228,0,2826911408,31952041764,"34,778,953,172.0"
0229,179384331427,1450000003,17720761139,"198,555,092,569.0"
0231,394906215852,16949839979,16580864821,"428,436,920,652.0"
0232,5257866298,1992410877,65858222046,"73,108,499,221.0"
0233,9891135562,1726419857,8559365940,"20,176,921,359.0"
0238,723550050854,753810031656,685836872451,2.163197e+12
0242,201037348,93981274,624649314,"919,667,936.0"
0246,206491685,344762287,1829437854,"2,380,691,826.0"
0250,111306657,181767615,146564952,"439,639,224.0"
0252,0,986260606,7385452975,"8,371,713,581.0"
0326,1886262589,4399999998,19883618626,"26,169,881,213.0"
0341,571980862,1312886013,4067222626,"5,952,089,501.0"
0344,514099154,435616600,1946711277,"2,896,427,031.0"
0437,23023593146,0,0,"23,023,593,146.0"
0451,35243402023,877089123,1322601448,"37,443,092,594.0"
0513,4173486817,19363062754,103304957069,"126,841,506,640.0"
0514,4045078314,500000001,1021618085,"5,566,696,400.0"
0517,0,33789466178,0,"33,789,466,178.0"
0521,0,4371538665,311245805391,"315,617,344,056.0"
0535,0,1907257810,16866917431,"18,774,175,241.0"
0543,3137537499,415073952,5598775979,"9,151,387,430.0"
